4.280567169189453125e-03,0.000000000000000000e+00,0.000000000000000000e+00
1.400375366210937500e-02,-9.374482557177543640e-03,-1.061705499887466431e-01
2.353906631469726562e-02,1.262582503259181976e-01,-7.042942754924297333e-02
3.293108940124511719e-02,2.073270902037620544e-01,-1.054993383586406708e-01
4.259181022644042969e-02,1.997637525200843811e-01,-6.436854042112827301e-02
5.244159698486328125e-02,1.758311279118061066e-01,-1.509037613868713379e-01
6.276679039001464844e-02,1.861019209027290344e-01,-1.206485554575920105e-01
7.341456413269042969e-02,2.793372273445129395e-01,-2.690780069679021835e-02
8.356261253356933594e-02,2.654886022210121155e-01,-3.038498852401971817e-02
9.677100181579589844e-02,2.842432111501693726e-01,-5.394687317311763763e-02
1.078493595123291016e-01,3.557853475213050842e-01,9.578553959727287292e-02
1.178755760192871094e-01,5.099230259656906128e-01,1.923620933666825294e-02
1.300194263458251953e-01,5.210738182067871094e-01,4.380285087972879410e-02
1.413695812225341797e-01,4.853679388761520386e-01,1.198277659714221954e-01
1.513552665710449219e-01,2.719503566622734070e-01,-2.275250628590583801e-01
1.626453399658203125e-01,4.915030002593994141e-01,1.056079119443893433e-01
1.738872528076171875e-01,2.233002036809921265e-01,-2.057193405926227570e-02
1.838605403900146484e-01,2.800753265619277954e-01,1.378153190016746521e-01
1.945605278015136719e-01,1.936279758810997009e-01,-8.982454799115657806e-02
2.066588401794433594e-01,3.854892868548631668e-02,-2.540486678481101990e-01
2.189731597900390625e-01,2.777939289808273315e-01,8.451543375849723816e-02
2.308373451232910156e-01,-8.038716763257980347e-02,-1.033760681748390198e-01
2.416224479675292969e-01,1.202579140663146973e-01,-6.171493045985698700e-02
2.526421546936035156e-01,-3.887334954924881458e-03,-5.933790095150470734e-02
2.633395195007324219e-01,1.829781532287597656e-01,1.948134368285536766e-02
2.740921974182128906e-01,1.398842073976993561e-01,1.190334074199199677e-01
2.851254940032958984e-01,3.445332795381546021e-01,-6.124082207679748535e-02
2.961840629577636719e-01,6.200928390026092529e-01,2.085086479783058167e-01
3.067502975463867188e-01,3.141569048166275024e-01,-6.102889403700828552e-02
3.165342807769775391e-01,6.934714503586292267e-02,-2.809551581740379333e-01
3.257696628570556641e-01,8.656854741275310516e-02,-3.378908894956111908e-02
3.354744911193847656e-01,2.613544911146163940e-01,6.111687608063220978e-02
3.454501628875732422e-01,2.720408365130424500e-01,-1.642798818647861481e-01
3.547821044921875000e-01,-9.149705618619918823e-02,6.478141061961650848e-02
3.643229007720947266e-01,6.633094511926174164e-03,-4.214913770556449890e-02
3.746972084045410156e-01,2.469984591007232666e-01,8.742387173697352409e-03
3.843805789947509766e-01,1.861290223896503448e-01,9.853703901171684265e-02
3.936383724212646484e-01,1.781375817954540253e-01,4.973583854734897614e-02
4.033222198486328125e-01,2.142223119735717773e-01,1.334240287542343140e-01
4.129235744476318359e-01,2.115706130862236023e-01,1.383912786841392517e-01
4.222936630249023438e-01,6.270150840282440186e-02,1.153342165052890778e-01
4.319622516632080078e-01,-3.893114905804395676e-02,3.463654126971960068e-02
4.422378540039062500e-01,1.822046041488647461e-01,3.358804956078529358e-01
4.520919322967529297e-01,2.410494089126586914e-01,-5.839454568922519684e-02
4.613087177276611328e-01,2.660692390054464340e-02,2.510296627879142761e-01
4.708797931671142578e-01,-6.856322474777698517e-02,-1.269038468599319458e-01
4.808642864227294922e-01,-1.838217638432979584e-01,5.300161312334239483e-03
4.903373718261718750e-01,-1.088054068386554718e-01,-3.088125307112932205e-02
4.997847080230712891e-01,4.949069023132324219e-02,3.513425029814243317e-02
5.101866722106933594e-01,-9.302650764584541321e-02,-3.393879532814025879e-02
5.198833942413330078e-01,2.246076765004545450e-03,-7.153140194714069366e-02
5.291123390197753906e-01,-5.295208306051790714e-03,-9.359183907508850098e-02
5.388419628143310547e-01,1.135017536580562592e-01,-3.860639501363039017e-02
5.486452579498291016e-01,5.561484606005251408e-03,-3.854585532099008560e-02
5.581920146942138672e-01,2.276300713419914246e-01,-1.219181763008236885e-02
5.675508975982666016e-01,1.984642446041107178e-01,-1.092777326703071594e-01
5.776808261871337891e-01,2.117744609713554382e-01,-2.464300319552421570e-01
5.876991748809814453e-01,-6.069437786936759949e-02,2.309300601482391357e-01
5.969817638397216797e-01,4.408320486545562744e-01,-1.089749895036220551e-01
6.066992282867431641e-01,2.375582233071327209e-01,-7.458219537511467934e-03
6.165049076080322266e-01,2.498110234737396240e-01,-1.977712009102106094e-02
6.260159015655517578e-01,2.300299778580665588e-01,1.271814554929733276e-01
6.353318691253662109e-01,1.865515597164630890e-01,6.337119452655315399e-02
6.453659534454345703e-01,2.229620441794395447e-01,3.514063451439142227e-02
6.554348468780517578e-01,1.435129903256893158e-01,-5.193328857421875000e-02
6.647102832794189453e-01,-1.538847573101520538e-01,-3.164552617818117142e-02
6.744115352630615234e-01,-2.923532277345657349e-01,2.307650679722428322e-02
6.842167377471923828e-01,-2.080752029010035642e-10,3.309074509888887405e-02
6.937797069549560547e-01,-5.789107270538806915e-02,6.510526500642299652e-02
7.031555175781250000e-01,-1.413688324391841888e-01,-1.949299173429608345e-02
7.135047912597656250e-01,-2.083380818367004395e-01,2.858371753245592117e-02
7.234675884246826172e-01,6.135379895567893982e-02,4.879300855100154877e-02
7.327399253845214844e-01,6.989807076752185822e-02,2.336138568352907896e-03
7.425098419189453125e-01,-3.020984865725040436e-02,9.240424074232578278e-02
7.523593902587890625e-01,6.058187596499919891e-02,3.207994624972343445e-01
7.618968486785888672e-01,3.494903538376092911e-02,1.042087236419320107e-02
7.712488174438476562e-01,-1.819851156324148178e-02,3.465489204972982407e-02
7.812573909759521484e-01,9.487134218215942383e-02,3.445853199809789658e-02
7.914407253265380859e-01,7.731066551059484482e-03,-2.034853398799896240e-02
8.007361888885498047e-01,-1.529985107481479645e-01,-5.239240452647209167e-02
8.104732036590576172e-01,7.400116883218288422e-02,-6.976221688091754913e-02
8.203392028808593750e-01,-8.629459328949451447e-02,1.031393744051456451e-02
8.298220634460449219e-01,1.083385236561298370e-01,-3.156039677560329437e-02
8.391392230987548828e-01,-5.140054039657115936e-02,-1.766489585861563683e-02
8.491656780242919922e-01,-1.806340087205171585e-02,-9.002939611673355103e-02
8.592031002044677734e-01,1.741362456232309341e-02,-3.052544197998940945e-03
8.686006069183349609e-01,1.708856318145990372e-02,-2.507783845067024231e-01
8.784680366516113281e-01,-1.786047918722033501e-02,1.562740802764892578e-01
8.883018493652343750e-01,-8.848673477768898010e-02,-2.996067479252815247e-01
8.978400230407714844e-01,-6.135379895567893982e-02,-5.800475925207138062e-02
9.071049690246582031e-01,7.427894510328769684e-02,-1.614499613642692566e-01
9.170839786529541016e-01,5.245771072804927826e-02,-4.713858850300312042e-02
9.272630214691162109e-01,-2.152214990928769112e-02,2.151782065629959106e-01
9.365677833557128906e-01,4.805009253323078156e-02,1.929594799876213074e-01
9.463171958923339844e-01,4.774418659508228302e-02,9.907219558954238892e-02
9.562425613403320312e-01,5.316068418323993683e-02,1.361782215535640717e-01
9.658191204071044922e-01,-8.702754601836204529e-02,1.072209142148494720e-01
9.751539230346679688e-01,4.157097428105771542e-03,-2.576362167019397020e-03
9.852745532989501953e-01,1.208065375685691833e-01,3.427304327487945557e-02
9.953570365905761719e-01,1.438452266156673431e-01,2.477404028177261353e-01
1.005123376846313477e+00,9.610018506646156311e-02,1.524721048772335052e-01
1.015652179718017578e+00,-5.234928242862224579e-02,7.043084129691123962e-02
1.026560068130493164e+00,-4.794165864586830139e-02,6.179354712367057800e-02
1.037187337875366211e+00,7.400116324424743652e-02,-9.335775487124919891e-02
1.047848463058471680e+00,-9.507682174444198608e-02,1.501740014646202326e-03
1.058601617813110352e+00,-5.245771631598472595e-02,-2.398493885993957520e-02
1.070226192474365234e+00,-1.548929745331406593e-02,-5.186831206083297729e-02
1.080526351928710938e+00,3.020984865725040436e-02,8.645729161798954010e-02
1.091158390045166016e+00,1.393402218818664551e-01,6.262537278234958649e-02
1.101994991302490234e+00,1.258486323058605194e-02,6.072379834949970245e-02
1.113250970840454102e+00,-2.016283990815281868e-02,2.630312810651957989e-03
1.123662710189819336e+00,-7.815826870501041412e-02,6.987856887280941010e-02
1.134356975555419922e+00,-6.200327351689338684e-02,-1.007093265652656555e-01
1.145051479339599609e+00,-6.645085103809833527e-02,-1.329047530889511108e-01
1.155708312988281250e+00,-2.806829195469617844e-02,-3.491466566920280457e-01
1.166460752487182617e+00,9.548838436603546143e-02,-2.899583056569099426e-01
1.178074598312377930e+00,-2.892927546054124832e-02,-2.340641319751739502e-01
1.188230037689208984e+00,-5.210551433265209198e-02,1.867654100060462952e-01
1.198788404464721680e+00,1.752204867079854012e-02,-1.516533829271793365e-01
1.209553241729736328e+00,-2.314189821481704712e-01,-1.913651528906434862e-11
1.220912933349609375e+00,5.245770514011383057e-02,-1.761645823717117310e-01
1.231300830841064453e+00,-4.511599894613027573e-02,-2.702332735061645508e-01
1.241925954818725586e+00,-4.426984023302793503e-02,-2.765358611941337585e-01
1.252704620361328125e+00,-1.125952899456024170e-01,-3.310271278023719788e-01
1.263287305831909180e+00,-4.206334054470062256e-02,-3.572052642703056335e-01
1.274045228958129883e+00,-2.538069561123847961e-01,-3.592672348022460938e-01
1.285609245300292969e+00,-1.037660390138626099e-01,-4.851161688566207886e-01
1.295793771743774414e+00,-2.486012578010559082e-01,-3.096977993845939636e-01
1.306339502334594727e+00,-1.128666512668132782e-01,-4.382999986410140991e-01
1.317089557647705078e+00,-2.001137137413024902e-01,-6.536522805690765381e-01
1.328382730484008789e+00,-1.906467005610466003e-01,-7.394615560770034790e-01
1.338671922683715820e+00,-2.724242135882377625e-01,-6.467386633157730103e-01
1.349291086196899414e+00,-2.445259988307952881e-01,-7.918848395347595215e-01
1.360035896301269531e+00,-1.848112419247627258e-01,-7.325909435749053955e-01
1.370771169662475586e+00,-2.119425460696220398e-01,-7.619392275810241699e-01
1.381426095962524414e+00,-4.302746504545211792e-01,-9.498828649520874023e-01
1.392952680587768555e+00,-1.864526197314262390e-01,-7.335205525159835815e-01
1.403144598007202148e+00,-2.120179831981658936e-01,-7.324550449848175049e-01
1.413726568222045898e+00,-2.472941949963569641e-01,-7.024444788694381714e-01
1.424900531768798828e+00,-1.793760918080806732e-01,-9.778785109519958496e-01
1.435677766799926758e+00,-1.874966695904731750e-01,-6.719677001237869263e-01
1.446040868759155273e+00,-2.427529916167259216e-01,-6.114669442176818848e-01
1.456885576248168945e+00,-1.795364432036876678e-01,-7.355252802371978760e-01
1.467502832412719727e+00,-2.102195173501968384e-01,-7.310169339179992676e-01
1.478058576583862305e+00,-2.418982610106468201e-01,-8.866096436977386475e-01
1.488872289657592773e+00,-2.480854019522666931e-01,-8.248203098773956299e-01
1.499950885772705078e+00,-1.493786796927452087e-01,-6.420038044452667236e-01
1.510281562805175781e+00,-1.467484384775161743e-01,-8.545228242874145508e-01
1.520992755889892578e+00,-2.372212260961532593e-01,-6.429073512554168701e-01
1.532103538513183594e+00,-2.980796322226524353e-01,-7.036162912845611572e-01
1.542991876602172852e+00,-3.407856747508049011e-01,-8.548562228679656982e-01
1.553704977035522461e+00,-2.702572345733642578e-01,-9.144276380538940430e-01
1.564336538314819336e+00,-2.716783136129379272e-01,-7.931692600250244141e-01
1.575368881225585938e+00,-1.857556700706481934e-01,-7.941362857818603516e-01
1.586089611053466797e+00,-2.472941949963569641e-01,-5.814794003963470459e-01
1.597030401229858398e+00,-3.329451754689216614e-01,-8.242655396461486816e-01
1.607195615768432617e+00,-2.104952484369277954e-01,-7.334935516119003296e-01
1.617149591445922852e+00,-2.110088914632797241e-01,-5.842173993587493896e-01
1.627130746841430664e+00,-2.792502567172050476e-01,-5.522036254405975342e-01
1.636765956878662109e+00,-2.394505441188812256e-01,-9.158752262592315674e-01
1.646068334579467773e+00,-1.885838583111763000e-01,-5.810199379920959473e-01
1.655972480773925781e+00,-2.175280228257179260e-01,-8.852036297321319580e-01
1.665827035903930664e+00,-2.780117020010948181e-01,-6.751716881990432739e-01
1.675254344940185547e+00,-2.224496528506278992e-01,-6.443087160587310791e-01
1.685122489929199219e+00,-2.091754674911499023e-01,-7.954133749008178711e-01
1.695193052291870117e+00,-2.167030200362205505e-01,-7.931692600250244141e-01
1.704767942428588867e+00,-1.893014609813690186e-01,-8.228036463260650635e-01
1.714008569717407227e+00,-1.787498183548450470e-01,-7.919374108314514160e-01
1.723973035812377930e+00,-1.871322244405746460e-01,-6.130733191967010498e-01
1.734208583831787109e+00,-1.889430955052375793e-01,-9.166439473628997803e-01
1.743665933609008789e+00,-2.804838269948959351e-01,-7.932784259319305420e-01
1.753645420074462891e+00,-2.431511878967285156e-01,-9.166439473628997803e-01
1.763307809829711914e+00,-2.473433911800384521e-01,-6.136118173599243164e-01
1.772742509841918945e+00,-1.232576519250869751e-01,-8.538076579570770264e-01
1.782388210296630859e+00,-1.795879080891609192e-01,-7.600173354148864746e-01
1.792708396911621094e+00,-1.520615145564079285e-01,-8.801329135894775391e-01
1.802509307861328125e+00,-2.684745714068412781e-01,-6.120846122503280640e-01
1.811822652816772461e+00,-1.812322363257408142e-01,-7.643716335296630859e-01
1.821794986724853516e+00,-1.817136257886886597e-01,-9.154880046844482422e-01
1.831818580627441406e+00,-1.847487688064575195e-01,-7.280037850141525269e-01
1.841237545013427734e+00,-2.367204353213310242e-01,-7.604092955589294434e-01
1.851082801818847656e+00,-2.457584068179130554e-01,-6.443087160587310791e-01
1.860970020294189453e+00,-1.761373467743396759e-01,-9.135713875293731689e-01
1.870615482330322266e+00,-1.899121329188346863e-01,-5.552591979503631592e-01
1.879912853240966797e+00,-2.478232607245445251e-01,-7.616896927356719971e-01
1.889945030212402344e+00,-1.770559474825859070e-01,-6.431337743997573853e-01
1.900204896926879883e+00,-1.854085363447666168e-01,-5.833910107612609863e-01
1.909607410430908203e+00,-2.698329761624336243e-01,-6.142980605363845825e-01
1.919494628906250000e+00,-2.054231241345405579e-01,-5.512236356735229492e-01
1.929183244705200195e+00,-1.857556477189064026e-01,-7.354240715503692627e-01
1.938630342483520508e+00,-2.091669514775276184e-01,-6.421378701925277710e-01
1.948280811309814453e+00,-2.473433911800384521e-01,-6.129276305437088013e-01
1.958377361297607422e+00,-1.791440919041633606e-01,-7.940542995929718018e-01
1.968096017837524414e+00,-2.171365767717361450e-01,-6.151976734399795532e-01
1.977347612380981445e+00,-2.706154212355613708e-01,-6.806654781103134155e-01
1.987389087677001953e+00,-1.558243408799171448e-01,-6.105870902538299561e-01
1.997197151184082031e+00,-3.440471068024635315e-01,-6.719644367694854736e-01
2.006639957427978516e+00,-1.165093146264553070e-01,-8.536731004714965820e-01
2.016438007354736328e+00,-2.162774205207824707e-01,-6.123333424329757690e-01
2.026416301727294922e+00,-2.786348238587379456e-01,-6.123176962137222290e-01
2.036083459854125977e+00,-3.383018821477890015e-01,-5.856530517339706421e-01
2.045341968536376953e+00,-1.893014609813690186e-01,-6.160294711589813232e-01
2.055162429809570312e+00,-2.709717974066734314e-01,-6.801696717739105225e-01
2.065008401870727539e+00,-2.110088914632797241e-01,-8.226323425769805908e-01
2.074402809143066406e+00,-2.775907516479492188e-01,-5.839259773492813110e-01
2.084306240081787109e+00,-1.903659626841545105e-01,-6.486314535140991211e-01
2.094149112701416016e+00,-2.073907032608985901e-01,-7.735461294651031494e-01
2.103689670562744141e+00,-2.081014215946197510e-01,-6.175720095634460449e-01
2.112961292266845703e+00,-2.144800499081611633e-01,-9.126960933208465576e-01
2.123004198074340820e+00,-1.859273314476013184e-01,-6.451701521873474121e-01
2.133088111877441406e+00,-4.301404058933258057e-01,-8.524923920631408691e-01
2.142464637756347656e+00,-1.771609112620353699e-01,-8.212647736072540283e-01
2.152506113052368164e+00,-2.789435237646102905e-01,-5.571155101060867310e-01
2.162213563919067383e+00,-2.500269860029220581e-01,-7.093581855297088623e-01
2.171665191650390625e+00,-3.008326292037963867e-01,-8.548218905925750732e-01
2.181300878524780273e+00,-2.159278616309165955e-01,-7.297750264406204224e-01
2.191421031951904297e+00,-3.379888013005256653e-01,-8.814056217670440674e-01
2.201259136199951172e+00,-2.827031984925270081e-01,-8.796855211257934570e-01
2.210582256317138672e+00,-2.501009032130241394e-01,-7.358976155519485474e-01
2.220684528350830078e+00,-4.083769619464874268e-01,-7.925920486450195312e-01
2.230453729629516602e+00,-2.082856670022010803e-01,-8.212647736072540283e-01
2.239881277084350586e+00,-1.771208010613918304e-01,-8.516295254230499268e-01
2.249771356582641602e+00,-2.433830872178077698e-01,-7.911297976970672607e-01
2.259827136993408203e+00,-3.100637868046760559e-01,-9.206031560897827148e-01
2.269526720046997070e+00,-2.466844394803047180e-01,-6.718148589134216309e-01
2.278841733932495117e+00,-2.768985629081726074e-01,-9.489503502845764160e-01
2.288747787475585938e+00,-2.184648513793945312e-01,-5.496667474508285522e-01
2.298875570297241211e+00,-1.854085251688957214e-01,-5.199081301689147949e-01
2.308389663696289062e+00,-4.326075464487075806e-01,-7.569335997104644775e-01
2.318769693374633789e+00,-2.216193303465843201e-01,-1.039858013391494751e+00
2.329410552978515625e+00,-2.510023713111877441e-01,-7.920169830322265625e-01
2.340628385543823242e+00,-2.169205248355865479e-01,-8.863526880741119385e-01
2.350970506668090820e+00,-4.347015023231506348e-01,-6.764857023954391479e-01
2.361631393432617188e+00,-2.387127131223678589e-01,-8.235735297203063965e-01
2.372660875320434570e+00,-2.489620596170425415e-01,-5.897749364376068115e-01
2.383185386657714844e+00,-3.336475342512130737e-01,-6.105034500360488892e-01
2.393939733505249023e+00,-2.382169738411903381e-01,-5.882615447044372559e-01
2.404570102691650391e+00,-2.119863331317901611e-01,-7.595964968204498291e-01
2.414584875106811523e+00,-2.397555783390998840e-01,-8.466748595237731934e-01
2.424474000930786133e+00,-3.120926544070243835e-01,-8.534801602363586426e-01
2.434330940246582031e+00,-3.027947545051574707e-01,-6.140795499086380005e-01
2.443867921829223633e+00,-1.548440046608448029e-01,-9.175587594509124756e-01
2.453202486038208008e+00,-2.473433911800384521e-01,-6.162216961383819580e-01
2.463163375854492188e+00,-2.727431952953338623e-01,-6.786307543516159058e-01
2.473262071609497070e+00,-2.693818509578704834e-01,-6.387221217155456543e-01
2.482667446136474609e+00,-3.032308593392372131e-01,-6.123333424329757690e-01
2.492736577987670898e+00,-8.522293344140052795e-02,-6.140795499086380005e-01
2.502449750900268555e+00,-2.169205248355865479e-01,-8.483263850212097168e-01
2.511996030807495117e+00,-1.237516812980175018e-01,-6.184434592723846436e-01
2.521399974822998047e+00,-2.483458444476127625e-01,-6.799905002117156982e-01
2.531795501708984375e+00,-2.088135704398155212e-01,-7.691131532192230225e-01
2.541687011718750000e+00,-5.247354805469512939e-01,-9.393703937530517578e-01
2.551029920578002930e+00,-1.428284794092178345e-01,-7.974803745746612549e-01
2.561042547225952148e+00,-3.332808762788772583e-01,-6.733577102422714233e-01
2.571335554122924805e+00,-1.789830476045608521e-01,-1.077200889587402344e+00
2.580835819244384766e+00,-3.397177755832672119e-01,-7.911702096462249756e-01
2.590791940689086914e+00,-1.486438773572444916e-01,-6.190023869276046753e-01
2.600644350051879883e+00,-1.872555837035179138e-01,-6.815057694911956787e-01
2.610214948654174805e+00,-1.795879080891609192e-01,-5.853035598993301392e-01
2.619458675384521484e+00,-1.872555837035179138e-01,-5.789270997047424316e-01
2.629567623138427734e+00,-2.102364376187324524e-01,-5.492910593748092651e-01
2.639644861221313477e+00,-1.780654750764369965e-01,-7.639192342758178711e-01
2.649137735366821289e+00,-2.422848343849182129e-01,-6.753278821706771851e-01
2.659112453460693359e+00,-1.775602027773857117e-01,-7.765935659408569336e-01
2.668798446655273438e+00,-4.571118503808975220e-01,-7.164932638406753540e-01
2.678195476531982422e+00,-2.426667809486389160e-01,-7.574719190597534180e-01
2.687819004058837891e+00,-3.962421566247940063e-01,-6.481743603944778442e-01
2.697970151901245117e+00,-2.713203057646751404e-01,-6.499745696783065796e-01
2.707747697830200195e+00,-2.081014215946197510e-01,-7.860853672027587891e-01
2.717007637023925781e+00,-2.069406732916831970e-01,-6.204733997583389282e-01
2.727040052413940430e+00,-2.813404351472854614e-01,-5.905393660068511963e-01
2.736803770065307617e+00,-2.187736183404922485e-01,-8.503926694393157959e-01
2.746261596679687500e+00,-3.943429291248321533e-01,-7.936544716358184814e-01
2.756119012832641602e+00,-3.340040445327758789e-01,-7.595964968204498291e-01
2.766222000122070312e+00,-2.812803536653518677e-01,-7.798781096935272217e-01
2.775899410247802734e+00,-1.130487397313117981e-01,-9.124575555324554443e-01
2.785202980041503906e+00,-2.820686995983123779e-01,-7.567411959171295166e-01
2.795112848281860352e+00,-2.544893771409988403e-01,-7.290165871381759644e-01
2.805185079574584961e+00,-1.771609336137771606e-01,-6.167833507061004639e-01
2.814625263214111328e+00,-2.458911538124084473e-01,-7.292531579732894897e-01
2.824667215347290039e+00,-1.491525471210479736e-01,-7.767484188079833984e-01
2.834336757659912109e+00,-2.710528671741485596e-01,-7.180119752883911133e-01
2.843842029571533203e+00,-2.518961057066917419e-01,-5.854357033967971802e-01
2.853330850601196289e+00,-2.394423857331275940e-01,-6.219518780708312988e-01
2.863745927810668945e+00,-2.727431952953338623e-01,-6.223099976778030396e-01
2.873761415481567383e+00,-2.771231308579444885e-01,-6.171353906393051147e-01
2.883086204528808594e+00,-1.766294427216053009e-01,-7.584916055202484131e-01
2.893150806427001953e+00,-2.177745848894119263e-01,-6.492523401975631714e-01
2.902953863143920898e+00,-3.664184734225273132e-01,-8.173585832118988037e-01
2.912407398223876953e+00,-2.720399647951126099e-01,-5.887082219123840332e-01
2.922303676605224609e+00,-2.820686995983123779e-01,-6.518496572971343994e-01
2.932286977767944336e+00,-2.715854868292808533e-01,-7.459065914154052734e-01
2.941987514495849609e+00,-1.140785291790962219e-01,-8.512124419212341309e-01
2.951259374618530273e+00,-2.691711857914924622e-01,-9.420610964298248291e-01
2.961228847503662109e+00,-2.831934168934822083e-01,-7.559889256954193115e-01
2.971422433853149414e+00,-5.954783856868743896e-01,-7.952919602394104004e-01
2.980874300003051758e+00,-1.848929822444915771e-01,-6.195436120033264160e-01
2.990923166275024414e+00,-3.116486817598342896e-01,-9.489386379718780518e-01
3.000607728958129883e+00,-2.412731274962425232e-01,-8.385664522647857666e-01
3.010142803192138672e+00,-1.903677061200141907e-01,-5.602089464664459229e-01
3.019589185714721680e+00,-1.136305890977382660e-01,-4.853345453739166260e-01
3.029959917068481445e+00,-2.078386768698692322e-01,-6.099105477333068848e-01
3.039808511734008789e+00,-2.443355396389961243e-01,-5.882845669984817505e-01
3.049106121063232422e+00,-2.163907662034034729e-01,-6.498434096574783325e-01
3.059152364730834961e+00,-2.403762415051460266e-01,-6.527241021394729614e-01
3.068881988525390625e+00,-2.542955651879310608e-01,-8.801374733448028564e-01
3.078330278396606445e+00,-3.286287188529968262e-01,-8.200569748878479004e-01
3.088214874267578125e+00,-2.397555783390998840e-01,-7.925815880298614502e-01
3.098263740539550781e+00,-1.938541531562805176e-01,-5.561443269252777100e-01
3.108205795288085938e+00,-1.877838894724845886e-01,-7.659959793090820312e-01
3.118308544158935547e+00,-2.539521306753158569e-01,-7.368494868278503418e-01
3.129024028778076172e+00,-2.378302216529846191e-01,-5.559593886137008667e-01
3.139775753021240234e+00,-2.740880101919174194e-01,-5.873865187168121338e-01
3.150584936141967773e+00,-1.885661557316780090e-01,-6.463055759668350220e-01
3.160972833633422852e+00,-2.523399442434310913e-01,-6.942589581012725830e-01
3.171885251998901367e+00,-2.175636515021324158e-01,-8.217668831348419189e-01
3.182479858398437500e+00,-2.707833722233772278e-01,-7.607990205287933350e-01
3.193011522293090820e+00,-2.695353180170059204e-01,-7.630605697631835938e-01
3.203549861907958984e+00,-2.162774428725242615e-01,-7.611840963363647461e-01
3.214761018753051758e+00,-3.099380359053611755e-01,-6.383206397294998169e-01
3.225132226943969727e+00,-4.998432844877243042e-01,-7.894701361656188965e-01
3.239870071411132812e+00,-2.374206259846687317e-01,-7.503082752227783203e-01
3.251131296157836914e+00,-1.786784939467906952e-01,-8.185485005378723145e-01
3.261473655700683594e+00,-2.064892575144767761e-01,-6.203219890594482422e-01
3.272312879562377930e+00,-1.583170183002948761e-01,-9.197056889533996582e-01
3.283406257629394531e+00,-2.048770263791084290e-01,-8.878498077392578125e-01
3.293859720230102539e+00,-1.443460620939731598e-01,-6.149384826421737671e-01
3.304669380187988281e+00,-1.312595307826995850e-01,-9.017808437347412109e-01
3.315574169158935547e+00,-1.296753622591495514e-01,-8.269368410110473633e-01
3.326317310333251953e+00,-2.231049388647079468e-01,-7.426781505346298218e-01
3.337035417556762695e+00,-1.253638789057731628e-01,-6.527241021394729614e-01
3.347620964050292969e+00,-2.209989801049232483e-01,-9.542313516139984131e-01
3.358342647552490234e+00,-2.518961057066917419e-01,-5.908818393945693970e-01
3.369211912155151367e+00,-1.470316797494888306e-01,-7.873871326446533203e-01
3.380051851272583008e+00,-1.586291603744029999e-01,-5.859220772981643677e-01
3.390952110290527344e+00,-1.293138451874256134e-01,-7.584916055202484131e-01
3.401797294616699219e+00,-3.463628366589546204e-01,-5.566747784614562988e-01
3.412879705429077148e+00,-9.563509002327919006e-02,-6.466551125049591064e-01
3.423177480697631836e+00,-2.710528671741485596e-01,-7.899843156337738037e-01
3.432806491851806641e+00,-2.820686995983123779e-01,-5.887082219123840332e-01
3.443187236785888672e+00,-1.771609112620353699e-01,-7.290165871381759644e-01
3.453074932098388672e+00,-2.016526758670806885e-01,-8.241208791732788086e-01
3.462352752685546875e+00,-2.488609626889228821e-01,-8.243641555309295654e-01
3.472385168075561523e+00,-1.477296799421310425e-01,-7.978287935256958008e-01
3.482184648513793945e+00,-2.216193526983261108e-01,-7.789797484874725342e-01
3.491638898849487305e+00,-1.917205005884170532e-01,-7.897297739982604980e-01
3.501442432403564453e+00,-3.423642441630363464e-01,-7.584916055202484131e-01
3.511476993560791016e+00,-2.790463417768478394e-01,-7.907127141952514648e-01
3.521123647689819336e+00,-1.896579936146736145e-01,-5.302346348762512207e-01
3.530404090881347656e+00,-2.412731274962425232e-01,-7.950426042079925537e-01
3.540335655212402344e+00,-4.237737804651260376e-01,-7.572991847991943359e-01
3.550243377685546875e+00,-2.695353180170059204e-01,-6.233589202165603638e-01
3.559621810913085938e+00,-2.680177465081214905e-01,-8.671301007270812988e-01
3.569501161575317383e+00,-2.391274943947792053e-01,-6.174698621034622192e-01
3.579349040985107422e+00,-1.458636112511157990e-01,-7.950426042079925537e-01
3.588842868804931641e+00,-2.841669917106628418e-01,-5.859220772981643677e-01
3.598112583160400391e+00,-2.193867489695549011e-01,-5.858066082000732422e-01
3.608207941055297852e+00,-2.173507511615753174e-01,-6.219518780708312988e-01
3.618300437927246094e+00,-1.883067414164543152e-01,-8.185485005378723145e-01
3.627711534500122070e+00,-2.081014215946197510e-01,-6.524371951818466187e-01
3.637705087661743164e+00,-3.069028928875923157e-01,-6.758404523134231567e-01
3.647482872009277344e+00,-2.470175698399543762e-01,-6.540511697530746460e-01
3.656926393508911133e+00,-2.216193526983261108e-01,-6.758404523134231567e-01
3.666545152664184570e+00,-3.101852908730506897e-01,-6.540511697530746460e-01
3.676845550537109375e+00,-1.580041497945785522e-01,-4.661068618297576904e-01
3.686628103256225586e+00,-1.875202283263206482e-01,-9.830816388130187988e-01
3.695858955383300781e+00,-1.274935975670814514e-01,-8.514664471149444580e-01
3.705876111984252930e+00,-4.049569219350814819e-01,-6.552234292030334473e-01
3.715739727020263672e+00,-1.900136098265647888e-01,-7.294844090938568115e-01
3.725140094757080078e+00,-1.289516016840934753e-01,-8.133594989776611328e-01
3.735049962997436523e+00,-2.412731274962425232e-01,-7.951788604259490967e-01
3.744928598403930664e+00,-4.558016359806060791e-01,-8.243641555309295654e-01
3.754495143890380859e+00,-1.576897166669368744e-01,-8.878923654556274414e-01
3.763828039169311523e+00,-2.507277131080627441e-01,-5.862421095371246338e-01
3.773916006088256836e+00,-4.276318252086639404e-01,-6.122467070817947388e-01
3.784039497375488281e+00,-2.179843112826347351e-01,-6.239024698734283447e-01
3.793534040451049805e+00,-2.193867489695549011e-01,-1.044386118650436401e+00
3.803474426269531250e+00,-2.503785341978073120e-01,-7.634969651699066162e-01
3.813276529312133789e+00,-1.875202283263206482e-01,-6.150575727224349976e-01
3.822791099548339844e+00,-2.841669917106628418e-01,-6.530061811208724976e-01
3.832434415817260742e+00,-3.302409052848815918e-01,-7.812257409095764160e-01
3.842570781707763672e+00,-2.801582738757133484e-01,-7.313135862350463867e-01
3.852411270141601562e+00,-2.972877323627471924e-01,-5.831765681505203247e-01
3.861724138259887695e+00,-3.253197669982910156e-01,-6.412924826145172119e-01
3.871957778930664062e+00,-1.569222807884216309e-01,-6.440806835889816284e-01
3.882198572158813477e+00,-2.391274943947792053e-01,-7.257411628961563110e-01
3.891689538955688477e+00,-2.091845870018005371e-01,-6.219518780708312988e-01
3.901740312576293945e+00,-4.291784316301345825e-01,-8.185485005378723145e-01
3.911394834518432617e+00,-3.399140685796737671e-01,-6.200670897960662842e-01
3.920900583267211914e+00,-2.721106186509132385e-01,-7.978464066982269287e-01
3.930404901504516602e+00,-2.054231241345405579e-01,-5.856873840093612671e-01
3.940838575363159180e+00,-1.875202283263206482e-01,-6.498434096574783325e-01
3.950748920440673828e+00,-2.702384367585182190e-01,-8.791584670543670654e-01
3.959984779357910156e+00,-1.862663291394710541e-01,-8.849197626113891602e-01
3.970147132873535156e+00,-2.362179905176162720e-01,-7.228476405143737793e-01
3.981343507766723633e+00,-2.727431952953338623e-01,-7.556046545505523682e-01
3.990892648696899414e+00,-3.099379912018775940e-01,-7.866840362548828125e-01
4.001040458679199219e+00,-8.707691542804241180e-02,-7.863236367702484131e-01
4.010923147201538086e+00,-3.712550327181816101e-01,-7.280168384313583374e-01
4.020579099655151367e+00,-2.370091974735260010e-01,-8.443726301193237305e-01
4.030182838439941406e+00,-2.875807508826255798e-01,-7.277539372444152832e-01
4.040592193603515625e+00,-3.315739855170249939e-01,-9.835814237594604492e-01
4.050564289093017578e+00,-1.569222807884216309e-01,-4.931983351707458496e-01
4.059844970703125000e+00,-1.458636112511157990e-01,-6.208189576864242554e-01
4.069906234741210938e+00,-3.475061729550361633e-01,-5.831647217273712158e-01
4.079737424850463867e+00,-2.111567929387092590e-01,-6.226643174886703491e-01
4.089229345321655273e+00,-2.081014215946197510e-01,-6.257054954767227173e-01
4.099128007888793945e+00,-2.051254883408546448e-01,-9.516107439994812012e-01
4.109094619750976562e+00,-3.134096637368202209e-01,-6.180854290723800659e-01
4.118811130523681641e+00,-2.788443267345428467e-01,-9.143325090408325195e-01
4.128756999969482422e+00,-2.862285375595092773e-01,-5.891150236129760742e-01
4.139495134353637695e+00,-1.786784939467906952e-01,-7.628090679645538330e-01
4.150128602981567383e+00,-2.476618811488151550e-01,-6.530061811208724976e-01
4.160816907882690430e+00,-1.896580159664154053e-01,-7.915368676185607910e-01
4.171627044677734375e+00,-3.021243140101432800e-01,-8.241208791732788086e-01
4.182263851165771484e+00,-2.175636515021324158e-01,-8.498488068580627441e-01
4.193115234375000000e+00,-2.503785341978073120e-01,-6.998312026262283325e-01
4.203820943832397461e+00,-1.607415340840816498e-01,-7.309919893741607666e-01
4.214811563491821289e+00,-3.401083722710609436e-01,-5.590993165969848633e-01
4.225609779357910156e+00,-3.312922641634941101e-01,-6.966628879308700562e-01
4.235716581344604492e+00,-2.242233306169509888e-01,-6.498434096574783325e-01
4.245649576187133789e+00,-2.841669917106628418e-01,-7.688219547271728516e-01
4.255282878875732422e+00,-2.217953950166702271e-01,-8.182288706302642822e-01
4.264524936676025391e+00,-5.348922684788703918e-02,-6.094279736280441284e-01
4.274389743804931641e+00,-1.620429195463657379e-01,-7.050116211175918579e-01
4.284238100051879883e+00,-1.272447109222412109e-01,-7.282747328281402588e-01
4.293733596801757812e+00,-2.127876654267311096e-01,-8.238535523414611816e-01
4.303642749786376953e+00,-3.053487092256546021e-01,-5.254529714584350586e-01
4.313664913177490234e+00,-1.564865782856941223e-01,-8.268287479877471924e-01
4.323209524154663086e+00,-4.679421186447143555e-01,-7.628090679645538330e-01
4.332596302032470703e+00,-2.391274943947792053e-01,-7.820453345775604248e-01
4.342723846435546875e+00,-1.763585843145847321e-01,-7.576056718826293945e-01
4.352938413619995117e+00,-2.510756626725196838e-01,-5.917944610118865967e-01
4.362466096878051758e+00,-1.880457848310470581e-01,-6.996424198150634766e-01
4.372553348541259766e+00,-9.996220842003822327e-02,-6.120383441448211670e-01
4.382398605346679688e+00,-1.477296911180019379e-01,-6.208189576864242554e-01
4.391970396041870117e+00,-3.627199754118919373e-01,-7.179939597845077515e-01
4.401662826538085938e+00,-3.318531140685081482e-01,-6.183660775423049927e-01
4.412106990814208984e+00,-2.209989801049232483e-01,-7.525226175785064697e-01
4.421875000000000000e+00,-1.938541531562805176e-01,-6.270108819007873535e-01
4.430984735488891602e+00,-1.285882517695426941e-01,-6.500310301780700684e-01
4.440635681152343750e+00,-2.801582738757133484e-01,-7.889328002929687500e-01
4.450311183929443359e+00,-2.414898052811622620e-01,-7.563473582267761230e-01
4.459590196609497070e+00,-1.759553477168083191e-01,-8.554738461971282959e-01
4.468836545944213867e+00,-2.536621168255805969e-01,-6.210605800151824951e-01
4.479218959808349609e+00,-2.209989801049232483e-01,-5.889137685298919678e-01
4.488972187042236328e+00,-1.470316797494888306e-01,-7.863236367702484131e-01
4.498168945312500000e+00,-5.350025296211242676e-01,-7.978582978248596191e-01
4.507930040359497070e+00,-1.260539554059505463e-01,-8.239902555942535400e-01
4.517745256423950195e+00,-1.756433732807636261e-01,-6.246938109397888184e-01
4.527425050735473633e+00,-2.095192149281501770e-01,-9.485844075679779053e-01
4.536794185638427734e+00,-2.962614968419075012e-01,-6.791297346353530884e-01
4.547147750854492188e+00,-2.084582448005676270e-01,-7.049765288829803467e-01
4.556888818740844727e+00,-1.783726550638675690e-01,-6.179382652044296265e-01
4.566111087799072266e+00,-2.193867489695549011e-01,-4.661068618297576904e-01
4.575808048248291016e+00,-2.181922942399978638e-01,-6.883381158113479614e-01
4.585616827011108398e+00,-1.783726550638675690e-01,-5.861398726701736450e-01
4.595098257064819336e+00,-1.580041497945785522e-01,-4.355219900608062744e-01
4.604445219039916992e+00,-4.690599292516708374e-01,-7.874910235404968262e-01
4.614834308624267578e+00,-2.091845870018005371e-01,-9.449623525142669678e-01
4.624623298645019531e+00,-2.699631750583648682e-01,-5.932293087244033813e-01
4.633858442306518555e+00,-2.510756626725196838e-01,-8.217668831348419189e-01
4.643533945083618164e+00,-3.017802760004997253e-01,-9.805269241333007812e-01
4.653409004211425781e+00,-1.877839118242263794e-01,-5.831765681505203247e-01
4.662825822830200195e+00,-2.362179905176162720e-01,-7.825169563293457031e-01
4.672252178192138672e+00,-2.707833498716354370e-01,-8.161699175834655762e-01
4.682127237319946289e+00,-2.807532325387001038e-01,-6.469627171754837036e-01
4.691951751708984375e+00,-2.048770263791084290e-01,-5.831148773431777954e-01
4.701273918151855469e+00,-2.698974609375000000e-01,-7.492400407791137695e-01
4.710856199264526367e+00,-2.956755682826042175e-01,-8.219739496707916260e-01
4.721008539199829102e+00,-1.896580159664154053e-01,-8.558953106403350830e-01
4.730694770812988281e+00,-2.329936400055885315e-01,-6.179382205009460449e-01
4.739925861358642578e+00,-3.018963932991027832e-01,-6.530061811208724976e-01
4.749547719955444336e+00,-2.443847358226776123e-01,-6.180854290723800659e-01
4.759430170059204102e+00,-3.941476643085479736e-01,-8.842810392379760742e-01
4.768842697143554688e+00,-4.588405340909957886e-01,-9.137399196624755859e-01
4.778218030929565430e+00,-2.977974638342857361e-01,-4.934273064136505127e-01
4.788590669631958008e+00,-2.491155490279197693e-01,-7.548194825649261475e-01
4.798280239105224609e+00,-2.699631750583648682e-01,-8.528240919113159180e-01
4.807493686676025391e+00,-2.069406732916831970e-01,-7.246844619512557983e-01
4.817120313644409180e+00,-2.060361653566360474e-01,-7.599624395370483398e-01
4.826819419860839844e+00,-2.197931259870529175e-01,-7.947947680950164795e-01
4.836271762847900391e+00,-2.788443267345428467e-01,-7.628090679645538330e-01
4.845471858978271484e+00,-1.187103018164634705e-01,-8.179032504558563232e-01
4.855421304702758789e+00,-2.097136080265045166e-01,-7.017876058816909790e-01
4.865448474884033203e+00,-2.539521306753158569e-01,-5.620582401752471924e-01
4.874813318252563477e+00,-2.707833722233772278e-01,-7.569872438907623291e-01
4.884520053863525391e+00,-1.486438773572444916e-01,-7.313135862350463867e-01
4.894237279891967773e+00,-3.913106471300125122e-01,-7.595112025737762451e-01
4.903669595718383789e+00,-3.728672415018081665e-01,-6.150003969669342041e-01
4.912970542907714844e+00,-2.517658844590187073e-01,-7.852091789245605469e-01
4.923041582107543945e+00,-3.958461284637451172e-01,-6.563524156808853149e-01
4.933135509490966797e+00,-2.179843112826347351e-01,-7.603918612003326416e-01
4.943170070648193359e+00,-2.675589546561241150e-01,-7.848266065120697021e-01
4.953709125518798828e+00,-2.707833498716354370e-01,-7.630605697631835938e-01
4.964740037918090820e+00,-2.675589546561241150e-01,-5.286168158054351807e-01
4.975236892700195312e+00,-2.478184551000595093e-01,-7.017876058816909790e-01
4.985787153244018555e+00,-2.460169047117233276e-01,-9.053023159503936768e-01
4.996426343917846680e+00,-2.514215335249900818e-01,-5.353370904922485352e-01
5.007225751876831055e+00,-2.790463417768478394e-01,-5.613597035408020020e-01
5.017427206039428711e+00,-2.702384367585182190e-01,-7.369909733533859253e-01
5.028055429458618164e+00,-2.851328328251838684e-01,-8.227312266826629639e-01
5.038393735885620117e+00,-3.302409052848815918e-01,-7.840442061424255371e-01
5.049020290374755859e+00,-1.880457848310470581e-01,-7.656874358654022217e-01
5.059527158737182617e+00,-2.374206259846687317e-01,-6.797988116741180420e-01
5.070689201354980469e+00,-3.023502007126808167e-01,-6.120889037847518921e-01
5.081285476684570312e+00,-2.984826788306236267e-01,-8.777645230293273926e-01
5.091941356658935547e+00,-1.571384668350219727e-01,-5.545083135366439819e-01
5.102832794189453125e+00,-1.793433800339698792e-01,-8.762687444686889648e-01
5.113945484161376953e+00,-2.527825310826301575e-01,-6.623615026473999023e-01
5.124206304550170898e+00,-3.290948197245597839e-01,-7.081153392791748047e-01
5.134934425354003906e+00,-2.205987721681594849e-01,-7.212129682302474976e-01
5.145320892333984375e+00,-4.375472366809844971e-01,-9.101479947566986084e-01
5.155914545059204102e+00,-1.900136098265647888e-01,-6.256479173898696899e-01
5.166494131088256836e+00,-3.591168746352195740e-01,-6.852686852216720581e-01
5.177647352218627930e+00,-2.475033625960350037e-01,-7.269335389137268066e-01
5.188141107559204102e+00,-2.217953950166702271e-01,-7.880848646163940430e-01
5.198598384857177734e+00,-1.797723546624183655e-01,-7.978595495223999023e-01
5.209167242050170898e+00,-3.298671171069145203e-01,-7.299013137817382812e-01
5.219930410385131836e+00,-1.771609112620353699e-01,-8.198955059051513672e-01
5.229902505874633789e+00,-4.848276525735855103e-01,-8.480103313922882080e-01
5.240360736846923828e+00,-3.134096637368202209e-01,-9.805269241333007812e-01
5.250857591629028320e+00,-3.435221314430236816e-01,-5.864348262548446655e-01
5.261196374893188477e+00,-2.500269860029220581e-01,-6.563524156808853149e-01
5.271571636199951172e+00,-2.097136080265045166e-01,-7.335433512926101685e-01
5.282723426818847656e+00,-1.912701800465583801e-01,-8.548076748847961426e-01
5.293076992034912109e+00,-2.213980704545974731e-01,-8.299250006675720215e-01
5.303313732147216797e+00,-2.810476943850517273e-01,-7.269335389137268066e-01
5.313683986663818359e+00,-3.383018821477890015e-01,-8.907777070999145508e-01
5.324066400527954102e+00,-2.841669917106628418e-01,-4.934968650341033936e-01
5.334361791610717773e+00,-2.077430561184883118e-01,-6.538238972425460815e-01
5.344616413116455078e+00,-2.408343851566314697e-01,-7.658388912677764893e-01
5.355390310287475586e+00,-1.759553477168083191e-01,-5.867684483528137207e-01
5.365646600723266602e+00,-4.097047895193099976e-01,-6.253340989351272583e-01
5.375943660736083984e+00,-2.995376810431480408e-01,-7.871852517127990723e-01
5.386526107788085938e+00,-2.705119550228118896e-01,-8.740476965904235840e-01
5.397365570068359375e+00,-3.018963932991027832e-01,-7.585432827472686768e-01
5.407317399978637695e+00,-3.104308024048805237e-01,-6.153721064329147339e-01
5.417635679244995117e+00,-2.816306725144386292e-01,-6.153073757886886597e-01
5.428116083145141602e+00,-2.496199607849121094e-01,-9.195143580436706543e-01
5.438469409942626953e+00,-1.763585843145847321e-01,-6.505655944347381592e-01
5.448887825012207031e+00,-2.496199607849121094e-01,-7.232028990983963013e-01
5.459994792938232422e+00,-2.498696744441986084e-01,-5.544660687446594238e-01
5.470427513122558594e+00,-1.889430955052375793e-01,-8.740476965904235840e-01
5.480761766433715820e+00,-3.384014815092086792e-01,-5.281990170478820801e-01
5.491415262222290039e+00,-1.900136098265647888e-01,-7.656874358654022217e-01
5.502344131469726562e+00,-2.425412535667419434e-01,-6.290947794914245605e-01
5.512419700622558594e+00,-1.890809163451194763e-01,-5.900570154190063477e-01
5.522871732711791992e+00,-2.175636515021324158e-01,-6.224156767129898071e-01
5.533169269561767578e+00,-2.740077450871467590e-01,-4.547524899244308472e-01
5.543641567230224609e+00,-2.503785341978073120e-01,-5.253401845693588257e-01
5.554168462753295898e+00,-2.507277131080627441e-01,-5.000133812427520752e-01
5.565227508544921875e+00,-4.870989471673965454e-01,-4.997550398111343384e-01
5.575778245925903320e+00,-2.217953726649284363e-01,-7.623908221721649170e-01
5.586368799209594727e+00,-1.899121329188346863e-01,-6.282749623060226440e-01
5.597186565399169922e+00,-2.202951461076736450e-01,-5.644769668579101562e-01
5.608253955841064453e+00,-2.064892351627349854e-01,-7.335433512926101685e-01
5.618280887603759766e+00,-3.994635790586471558e-01,-6.616216152906417847e-01
5.628704547882080078e+00,-2.816306725144386292e-01,-7.656874358654022217e-01
5.639006614685058594e+00,-2.077430337667465210e-01,-5.543147921562194824e-01
5.649436473846435547e+00,-2.429126501083374023e-01,-4.965911507606506348e-01
5.660158634185791016e+00,-2.365961819887161255e-01,-5.863404124975204468e-01
5.671272516250610352e+00,-1.850320100784301758e-01,-5.544194877147674561e-01
5.681835651397705078e+00,-4.381861388683319092e-01,-7.550021409988403320e-01
5.692479610443115234e+00,-2.518961057066917419e-01,-6.977181583642959595e-01
5.703082799911499023e+00,-3.728672415018081665e-01,-8.234084844589233398e-01
5.714276075363159180e+00,-2.775479927659034729e-01,-8.297516405582427979e-01
5.724421739578247070e+00,-2.539521306753158569e-01,-7.852091789245605469e-01
5.734894752502441406e+00,-2.165027260780334473e-01,-7.844381332397460938e-01
5.745268583297729492e+00,-2.209989801049232483e-01,-7.691937088966369629e-01
5.755637168884277344e+00,-1.661216095089912415e-01,-8.735828697681427002e-01
5.766208410263061523e+00,-2.026779949665069580e-01,-7.269335389137268066e-01
5.777119398117065430e+00,-2.510756626725196838e-01,-7.855864763259887695e-01
5.787589311599731445e+00,-2.235969454050064087e-01,-8.158272206783294678e-01
5.797846078872680664e+00,-1.912701800465583801e-01,-9.162099659442901611e-01
5.808225154876708984e+00,-3.121376708149909973e-01,-5.896930843591690063e-01
5.818793535232543945e+00,-4.690599292516708374e-01,-5.958319902420043945e-01
5.829019069671630859e+00,-1.293138451874256134e-01,-8.619157969951629639e-01
5.839231729507446289e+00,-2.491155490279197693e-01,-7.825058698654174805e-01
5.849811792373657227e+00,-3.104308024048805237e-01,-7.909378409385681152e-01
5.860153675079345703e+00,-2.691711857914924622e-01,-6.222010999917984009e-01
5.871249914169311523e+00,-2.661707326769828796e-01,-7.902867794036865234e-01
5.881749868392944336e+00,-3.281602486968040466e-01,-8.515515625476837158e-01
5.892549514770507812e+00,-1.061468347907066345e-01,-4.934273064136505127e-01
5.902651071548461914e+00,-2.841669917106628418e-01,-8.586729168891906738e-01
5.913135766983032227e+00,-2.676956579089164734e-01,-5.545808225870132446e-01
5.923452138900756836e+00,-2.177745848894119263e-01,-5.896930396556854248e-01
5.933965682983398438e+00,-3.318531140685081482e-01,-6.439753621816635132e-01
5.944348573684692383e+00,-1.289515793323516846e-01,-6.219816058874130249e-01
5.955260753631591797e+00,-2.127876654267311096e-01,-4.715149998664855957e-01
5.965701818466186523e+00,-1.253638789057731628e-01,-4.901778548955917358e-01
5.975934982299804688e+00,-1.900136098265647888e-01,-5.932293087244033813e-01
5.986388444900512695e+00,-1.880458071827888489e-01,-7.623908221721649170e-01
5.996884822845458984e+00,-2.388107478618621826e-01,-8.165430128574371338e-01
6.007039785385131836e+00,-2.518961057066917419e-01,-7.941446900367736816e-01
6.017301321029663086e+00,-2.524484619498252869e-01,-7.592776715755462646e-01
6.027815103530883789e+00,-2.328038066625595093e-01,-5.932293087244033813e-01
6.038118124008178711e+00,-2.648337855935096741e-01,-5.544660240411758423e-01
6.048549890518188477e+00,-1.872510015964508057e-01,-8.198955059051513672e-01
6.059186935424804688e+00,-1.185045987367630005e-01,-7.228190302848815918e-01
6.069954156875610352e+00,-2.055815085768699646e-01,-5.902326107025146484e-01
6.080056667327880859e+00,-1.236716955900192261e-01,-6.219816058874130249e-01
6.090498685836791992e+00,-3.977566659450531006e-01,-5.223218947649002075e-01
6.100805759429931641e+00,-2.221913561224937439e-01,-6.821992099285125732e-01
6.111124515533447266e+00,-2.179843112826347351e-01,-7.623908221721649170e-01
6.121556997299194336e+00,-3.104308024048805237e-01,-6.607914716005325317e-01
6.132641315460205078e+00,-2.209989801049232483e-01,-7.909378409385681152e-01
6.143035411834716797e+00,-2.357137352228164673e-01,-6.508983224630355835e-01
6.153430938720703125e+00,-3.935460895299911499e-01,-8.517791926860809326e-01
6.164031982421875000e+00,-1.917205005884170532e-01,-5.864348262548446655e-01
6.174811363220214844e+00,-2.372212260961532593e-01,-1.044650316238403320e+00
6.184798002243041992e+00,-2.810476943850517273e-01,-7.622406184673309326e-01
6.195136547088623047e+00,-2.009155377745628357e-01,-5.831329822540283203e-01
6.205446958541870117e+00,-1.903659626841545105e-01,-5.574785917997360229e-01
6.215726852416992188e+00,-2.493687719106674194e-01,-5.544194877147674561e-01
6.226224184036254883e+00,-2.514215335249900818e-01,-7.553468942642211914e-01
6.237114429473876953e+00,-1.741538085043430328e-01,-7.690524458885192871e-01
6.247497081756591797e+00,-1.780654750764369965e-01,-7.883730232715606689e-01
6.257757186889648438e+00,-2.514215335249900818e-01,-7.300965338945388794e-01
6.268072843551635742e+00,-2.623783126473426819e-01,-5.332309305667877197e-01
6.278889656066894531e+00,-3.114556074142456055e-01,-5.900570154190063477e-01
6.288896560668945312e+00,-2.952277287840843201e-01,-6.243667155504226685e-01
6.298994779586791992e+00,-1.589399948716163635e-01,-8.334225118160247803e-01
6.309686183929443359e+00,-5.462097376585006714e-02,-6.979524046182632446e-01
6.320337772369384766e+00,-2.177745848894119263e-01,-5.831502377986907959e-01
6.331122159957885742e+00,-2.199938222765922546e-01,-6.153721064329147339e-01
6.342067956924438477e+00,-1.607415340840816498e-01,-6.834342777729034424e-01
6.352712392807006836e+00,-2.670981958508491516e-01,-5.866914689540863037e-01
6.362861633300781250e+00,-2.109861373901367188e-01,-7.580263316631317139e-01
6.373323202133178711e+00,-2.384924143552780151e-01,-8.513176739215850830e-01
6.383744955062866211e+00,-3.052692040801048279e-01,-5.722140669822692871e-01
6.393965721130371094e+00,-2.064892351627349854e-01,-7.871852517127990723e-01
6.404158830642700195e+00,-5.494073778390884399e-01,-8.622668981552124023e-01
6.414782047271728516e+00,-1.771366484463214874e-01,-8.012783825397491455e-01
6.425127506256103516e+00,-2.976414933800697327e-01,-6.298967599868774414e-01
6.435596942901611328e+00,-1.112984418869018555e-01,-7.836441099643707275e-01
6.446197509765625000e+00,-1.786784939467906952e-01,-5.866914689540863037e-01
6.456910848617553711e+00,-2.177745848894119263e-01,-6.588212996721267700e-01
6.466810226440429688e+00,-1.849630549550056458e-01,-6.830424964427947998e-01
6.477138996124267578e+00,-1.258829534053802490e-01,-7.048004418611526489e-01
6.487437963485717773e+00,-1.848214231431484222e-01,-9.804196357727050781e-01
6.497744321823120117e+00,-2.145705744624137878e-01,-5.043066591024398804e-01
6.508088827133178711e+00,-1.580041497945785522e-01,-5.937737524509429932e-01
6.518810272216796875e+00,-2.688050642609596252e-01,-7.013992220163345337e-01
6.529584646224975586e+00,-2.048770263791084290e-01,-6.861913651227951050e-01
6.539947748184204102e+00,-1.869282200932502747e-01,-7.941446900367736816e-01
6.550506591796875000e+00,-2.032292559742927551e-01,-5.794975161552429199e-01
6.561012268066406250e+00,-1.663977093994617462e-01,-6.080840528011322021e-01
6.571155786514282227e+00,-2.786407023668289185e-01,-8.158272206783294678e-01
6.581372022628784180e+00,-2.362179905176162720e-01,-8.299756944179534912e-01
6.591988086700439453e+00,-2.792461216449737549e-01,-6.799830794334411621e-01
6.602445840835571289e+00,-2.792461216449737549e-01,-7.905092239379882812e-01
6.612955808639526367e+00,-2.370091751217842102e-01,-7.300965338945388794e-01
6.623564481735229492e+00,-2.718593403697013855e-01,-7.828276455402374268e-01
6.634410619735717773e+00,-2.037799581885337830e-01,-7.369909733533859253e-01
6.644404649734497070e+00,-1.620429195463657379e-01,-5.976748466491699219e-01
6.654779672622680664e+00,-4.515984356403350830e-01,-7.654855549335479736e-01
6.665111303329467773e+00,-2.081014215946197510e-01,-7.590383291244506836e-01
6.675470829010009766e+00,-2.221913561224937439e-01,-6.253340989351272583e-01
6.686007261276245117e+00,-1.917205005884170532e-01,-6.371676921844482422e-01
6.696988582611083984e+00,-1.780654750764369965e-01,-6.725278794765472412e-01
6.707603454589843750e+00,-2.370091751217842102e-01,-6.836225241422653198e-01
6.717798709869384766e+00,-2.365961819887161255e-01,-7.257659286260604858e-01
6.728039741516113281e+00,-2.259837761521339417e-01,-5.694991350173950195e-01
6.738554716110229492e+00,-2.384924143552780151e-01,-7.011143714189529419e-01
6.748626947402954102e+00,-2.127876654267311096e-01,-6.191016733646392822e-01
6.758335590362548828e+00,-2.737555727362632751e-01,-6.189904063940048218e-01
6.768503665924072266e+00,-2.792461216449737549e-01,-6.215299218893051147e-01
6.778008460998535156e+00,-4.049569219350814819e-01,-5.335091203451156616e-01
6.787122488021850586e+00,-1.888244301080703735e-01,-8.373869061470031738e-01
6.796635389328002930e+00,-2.391274943947792053e-01,-6.153333932161331177e-01
6.806098461151123047e+00,-3.312922641634941101e-01,-7.539362311363220215e-01
6.815433979034423828e+00,-2.493687719106674194e-01,-5.409682989120483398e-01
6.824771881103515625e+00,-2.084582448005676270e-01,-5.187840163707733154e-01
6.834945440292358398e+00,-2.374206036329269409e-01,-4.293169230222702026e-01
6.844645977020263672e+00,-2.400669381022453308e-01,-7.595112025737762451e-01
6.853902578353881836e+00,-1.611460894346237183e-01,-5.900570154190063477e-01
6.863735437393188477e+00,-3.124753609299659729e-01,-6.473814547061920166e-01
6.873565435409545898e+00,-1.864336207509040833e-01,-5.792626440525054932e-01
6.883110761642456055e+00,-4.053475409746170044e-01,-6.217584908008575439e-01
6.892511844635009766e+00,-2.370091751217842102e-01,-8.513176739215850830e-01
6.902785301208496094e+00,-1.567048318684101105e-01,-7.849135994911193848e-01
6.912638902664184570e+00,-3.875153660774230957e-01,-5.950592458248138428e-01
6.922021150588989258e+00,-3.291122093796730042e-01,-7.333363294601440430e-01
6.931789398193359375e+00,-2.503785341978073120e-01,-5.648065209388732910e-01
6.941673755645751953e+00,-2.346058040857315063e-01,-8.908169567584991455e-01
6.951199054718017578e+00,-3.291122093796730042e-01,-4.937894940376281738e-01
6.960542201995849609e+00,-2.967757880687713623e-01,-7.582873106002807617e-01
6.970731973648071289e+00,-1.518682613968849182e-01,-7.369835972785949707e-01
6.980658769607543945e+00,-1.312595307826995850e-01,-7.473809570074081421e-01
6.989960193634033203e+00,-2.069406732916831970e-01,-8.584804236888885498e-01
6.999791622161865234e+00,-3.766134828329086304e-01,-6.726173758506774902e-01
7.009644508361816406e+00,-2.479734867811203003e-01,-7.553468942642211914e-01
7.019266366958618164e+00,-1.573536805808544159e-01,-6.335322260856628418e-01
7.028658866882324219e+00,-2.374206259846687317e-01,-7.550021409988403320e-01
7.038820981979370117e+00,-2.705119550228118896e-01,-6.302904188632965088e-01
7.048873186111450195e+00,-2.521078661084175110e-01,-5.976748466491699219e-01
7.058208703994750977e+00,-1.877839118242263794e-01,-7.942675352096557617e-01
7.067990779876708984e+00,-1.880457848310470581e-01,-7.158830165863037109e-01
7.078201055526733398e+00,-2.362179905176162720e-01,-5.579128861427307129e-01
